title,company,location,description,skills,posted_date,salary,city
Data Analyst,Assured Guaranty,,"Data Analyst Assured Guaranty Asheville, NC",['R'],,,
Summer Analyst - Enterprise Data and Analytics,Rockefeller Capital Management,,"Summer Analyst - Enterprise Data and Analytics Rockefeller Capital Management Township of Hamilton, NJ 08690 View similar jobs with this employer","['Api', 'R']",,,
Analyst - Private Data DIG,BlackRock Investments,,"Analyst - Private Data DIG BlackRock Investments Wilmington, DE",['R'],,,
Data Analyst,University of North Texas,,"Data Analyst University of North Texas Denton, TX 76203",['R'],,,
ETSB Data Analyst,County of DuPage,,"ETSB Data Analyst County of DuPage Wheaton, IL 60187 Tuition reimbursement Health insurance Paid time off Vision insurance Dental insurance Flexible spending account View similar jobs with this employer",['R'],,,
Configuration Analyst,Delta Dental of Wisconsin Inc,,"Configuration Analyst Delta Dental of Wisconsin Inc Hybrid work in Stevens Point, WI 54482",['R'],,,
Credit Data Analyst,First Horizon,,"Credit Data Analyst First Horizon Charlotte, NC 28211 Tuition reimbursement Parental leave Health insurance 401(k) matching Vision insurance Health savings account",['R'],,,
Business Solutions Analyst,Cerris,,"Business Solutions Analyst Cerris Kansas City, MO On-the-job training View similar jobs with this employer",['R'],,,
Reinsurance Business Analyst,Aon,,Reinsurance Business Analyst Aon Hybrid work in Illinois Tuition reimbursement Employee stock purchase plan AD&D insurance 401(k) Health insurance Paid time off,['R'],,,
Reinsurance Business Analyst,Aon,,Reinsurance Business Analyst Aon Hybrid work in Illinois Tuition reimbursement Employee stock purchase plan AD&D insurance 401(k) Health insurance Paid time off,['R'],,,
School Improvement Data Analyst,Rondout Valley Central School District,,School Improvement Data Analyst Rondout Valley Central School District New York State,['R'],,,
Security Data Analyst 5.4,Rivet,,"Security Data Analyst 5.4 Often responds within 1 day Rivet Clinton, MD 20735 View similar jobs with this employer",['R'],,,
Business Analyst,Cogent People Inc,,"Business Analyst Cogent People Inc Columbia, MD 21044 Health insurance 401(k) matching Paid time off Vision insurance Dental insurance Life insurance",['R'],,,
"Data Analyst – Mclean, VA – W2",Luzon Technologies,,"Data Analyst – Mclean, VA – W2 Luzon Technologies McLean, VA Work from home",['R'],,,
Business Analyst (DPS),Link Technologies,,"Business Analyst (DPS) Link Technologies Austin, TX 78701 ( Downtown area ) Health insurance Vision insurance Dental insurance",['R'],,,
Systems Analyst,Arkansas State University,,"Systems Analyst Arkansas State University Hybrid work in Jonesboro, AR Work from home",['R'],,,
